{
  "Achham": [
    {
      "city": "Achham",
      "post_code": "10700"
    },
    {
      "city": "Chaurpati",
      "post_code": "10701"
    },
    {
      "city": "Srikot",
      "post_code": "10702"
    },
    {
      "city": "Thanti",
      "post_code": "10703"
    },
    {
      "city": "Mellekh",
      "post_code": "10704"
    },
    {
      "city": "Bayalpata",
      "post_code": "10705"
    },
    {
      "city": "Bhatakatiya",
      "post_code": "10706"
    },
    {
      "city": "Jayagadh",
      "post_code": "10707"
    },
    {
      "city": "Kalagaun",
      "post_code": "10709"
    },
    {
      "city": "Kuchikot",
      "post_code": "10710"
    },
    {
      "city": "Kamal bazar",
      "post_code": "10711"
    },
    {
      "city": "Dhakari",
      "post_code": "10712"
    },
    {
      "city": "Turmakhad",
      "post_code": "10713"
    }
  ],
  "Arghakhanchi": [
    {
      "city": "Arghakhanchi",
      "post_code": "32700"
    },
    {
      "city": "Balkot",
      "post_code": "32701"
    },
    {
      "city": "Arghatosh",
      "post_code": "32702"
    },
    {
      "city": "Khana",
      "post_code": "32703"
    },
    {
      "city": "Wangla",
      "post_code": "32704"
    },
    {
      "city": "Hamshapur",
      "post_code": "32705"
    },
    {
      "city": "Thada",
      "post_code": "32706"
    },
    {
      "city": "Khilji",
      "post_code": "32708"
    },
    {
      "city": "Khidim",
      "post_code": "32709"
    },
    {
      "city": "Pali",
      "post_code": "32710"
    },
    {
      "city": "Dhikura",
      "post_code": "32711"
    },
    {
      "city": "Argha",
      "post_code": "32712"
    },
    {
      "city": "Subarnakhal",
      "post_code": "32713"
    }
  ],
  "Baglung": [
    {
      "city": "Baglung",
      "post_code": "33300"
    },
    {
      "city": "Pala",
      "post_code": "33302"
    },
    {
      "city": "Bihukot",
      "post_code": "33303"
    },
    {
      "city": "Harichaur",
      "post_code": "33304"
    },
    {
      "city": "Balewa Payupata",
      "post_code": "33305"
    },
    {
      "city": "Jaidi Belbagar",
      "post_code": "33306"
    },
    {
      "city": "Bereng",
      "post_code": "33307"
    },
    {
      "city": "Galkot",
      "post_code": "33308"
    },
    {
      "city": "Pandavkhani",
      "post_code": "33309"
    },
    {
      "city": "Arnakot",
      "post_code": "33310"
    },
    {
      "city": "Khrwang",
      "post_code": "33311"
    },
    {
      "city": "Bongadovan",
      "post_code": "33312"
    },
    {
      "city": "Jhimpa",
      "post_code": "33313"
    },
    {
      "city": "Kusmi Shera",
      "post_code": "33314"
    }
  ],
  "Baitadi": [
    {
      "city": "Baitadi",
      "post_code": "10200"
    },
    {
      "city": "Kesharpur",
      "post_code": "10201"
    },
    {
      "city": "Patan",
      "post_code": "10202"
    },
    {
      "city": "Khodpe",
      "post_code": "10203"
    },
    {
      "city": "Mulkhatali",
      "post_code": "10204"
    },
    {
      "city": "Gajari Changgad",
      "post_code": "10205"
    },
    {
      "city": "Dehimandau",
      "post_code": "10207"
    },
    {
      "city": "Sharmali",
      "post_code": "10209"
    },
    {
      "city": "Srikot",
      "post_code": "10210"
    },
    {
      "city": "Dilasaini",
      "post_code": "10211"
    },
    {
      "city": "Swopana Taladehi",
      "post_code": "10212"
    },
    {
      "city": "Purchaudihat",
      "post_code": "10213"
    },
    {
      "city": "Sitad",
      "post_code": "10214"
    },
    {
      "city": "Dhungad",
      "post_code": "10215"
    }
  ],
  "Bajhang": [
    {
      "city": "Bajhang",
      "post_code": "10500"
    },
    {
      "city": "Talkot",
      "post_code": "10501"
    },
    {
      "city": "Jamatola",
      "post_code": "10502"
    },
    {
      "city": "Jaya Prithivi Nagar",
      "post_code": "10505"
    },
    {
      "city": "Chhanna",
      "post_code": "10506"
    },
    {
      "city": "Chaudhari",
      "post_code": "10507"
    },
    {
      "city": "Rayal",
      "post_code": "10508"
    },
    {
      "city": "Thalara",
      "post_code": "10509"
    },
    {
      "city": "Bungal",
      "post_code": "10510"
    },
    {
      "city": "Shayadi",
      "post_code": "10511"
    }
  ],
  "Bajura": [
    {
      "city": "Bajura",
      "post_code": "10600"
    },
    {
      "city": "Dandakot",
      "post_code": "10602"
    },
    {
      "city": "Jukot",
      "post_code": "10603"
    },
    {
      "city": "Faiti",
      "post_code": "10604"
    },
    {
      "city": "Kolti",
      "post_code": "10605"
    },
    {
      "city": "Manakot",
      "post_code": "10606"
    },
    {
      "city": "Dogadi",
      "post_code": "10607"
    },
    {
      "city": "Tate",
      "post_code": "10608"
    },
    {
      "city": "Chhatara",
      "post_code": "10609"
    }
  ],
  "Banke": [
    {
      "city": "Banke",
      "post_code": "21900"
    },
    {
      "city": "Suiya",
      "post_code": "21901"
    },
    {
      "city": "Bhojbhagawanpur",
      "post_code": "21902"
    },
    {
      "city": "Khaskusma",
      "post_code": "21903"
    },
    {
      "city": "Kohalapur",
      "post_code": "21904"
    },
    {
      "city": "Ramjha",
      "post_code": "21905"
    },
    {
      "city": "Udayapur",
      "post_code": "21907"
    },
    {
      "city": "Chisapani",
      "post_code": "21910"
    },
    {
      "city": "Godahana",
      "post_code": "21911"
    },
    {
      "city": "Jayaspur",
      "post_code": "21912"
    },
    {
      "city": "Khajura",
      "post_code": "21913"
    },
    {
      "city": "Chandranagar",
      "post_code": "21914"
    }
  ],
  "Bara": [
    {
      "city": "Bara",
      "post_code": "44400"
    },
    {
      "city": "Nijgadh",
      "post_code": "44401"
    },
    {
      "city": "Mahendra Adarsha",
      "post_code": "44402"
    },
    {
      "city": "Simraungadh",
      "post_code": "44403"
    },
    {
      "city": "Umjan",
      "post_code": "44404"
    },
    {
      "city": "Bariyarpur",
      "post_code": "44405"
    },
    {
      "city": "Kabahigoth",
      "post_code": "44406"
    },
    {
      "city": "Dumarwana",
      "post_code": "44408"
    },
    {
      "city": "Pipradhigoth",
      "post_code": "44410"
    },
    {
      "city": "Basantapur",
      "post_code": "44411"
    },
    {
      "city": "Simara",
      "post_code": "44412"
    },
    {
      "city": "Parsoni",
      "post_code": "44413"
    },
    {
      "city": "Amalekhgunj",
      "post_code": "44416"
    },
    {
      "city": "Jeetpur (Bhavanipur)",
      "post_code": "44417"
    }
  ],
  "Bardiya": [
    {
      "city": "Bardiya",
      "post_code": "21800"
    },
    {
      "city": "Jamuni",
      "post_code": "21801"
    },
    {
      "city": "Mainapokhar",
      "post_code": "21802"
    },
    {
      "city": "Motipur",
      "post_code": "21803"
    },
    {
      "city": "Magaragadi",
      "post_code": "21804"
    },
    {
      "city": "Baganaha",
      "post_code": "21808"
    },
    {
      "city": "Bhurigaun",
      "post_code": "21809"
    },
    {
      "city": "Rajapur",
      "post_code": "21811"
    },
    {
      "city": "Pashupatinagar",
      "post_code": "21813"
    },
    {
      "city": "Sanoshri",
      "post_code": "21814"
    }
  ],
  "Bhaktapur": [
    {
      "city": "Bhaktapur",
      "post_code": "44800"
    },
    {
      "city": "Dubakot",
      "post_code": "44802"
    },
    {
      "city": "Kharipati",
      "post_code": "44804"
    },
    {
      "city": "Tathali",
      "post_code": "44805"
    },
    {
      "city": "Jorpati",
      "post_code": "44806"
    },
    {
      "city": "Gamcha",
      "post_code": "44809"
    },
    {
      "city": "Dibyashwori",
      "post_code": "44810"
    },
    {
      "city": "Thimi",
      "post_code": "44811"
    },
    {
      "city": "Nagarkot",
      "post_code": "44812"
    }
  ],
  "Bhojpur": [
    {
      "city": "Bhojpur",
      "post_code": "57000"
    },
    {
      "city": "Kulung Agrakhe",
      "post_code": "57001"
    },
    {
      "city": "Dingla",
      "post_code": "57002"
    },
    {
      "city": "Deurali",
      "post_code": "57003"
    },
    {
      "city": "Pyauli",
      "post_code": "57004"
    },
    {
      "city": "Yaku",
      "post_code": "57005"
    },
    {
      "city": "Bastim",
      "post_code": "57006"
    },
    {
      "city": "Timma",
      "post_code": "57008"
    },
    {
      "city": "Dilpa Annapurna",
      "post_code": "57009"
    },
    {
      "city": "Bhulke",
      "post_code": "57010"
    },
    {
      "city": "Baikunthe",
      "post_code": "57011"
    },
    {
      "city": "Ranibas",
      "post_code": "57012"
    },
    {
      "city": "Walangkha",
      "post_code": "57013"
    },
    {
      "city": "Tiwari Bhanjyang",
      "post_code": "57014"
    },
    {
      "city": "Dobhane",
      "post_code": "57015"
    }
  ],
  "Chitawan": [
    {
      "city": "Chitwan",
      "post_code": "44200"
    },
    {
      "city": "Ratnanagar",
      "post_code": "44204"
    },
    {
      "city": "Mugling",
      "post_code": "44206"
    },
    {
      "city": "Narayangadh",
      "post_code": "44207"
    },
    {
      "city": "Rampur",
      "post_code": "44209"
    },
    {
      "city": "Soshi Bazar",
      "post_code": "44212"
    },
    {
      "city": "Harinagar",
      "post_code": "44213"
    },
    {
      "city": "Madi",
      "post_code": "44214"
    }
  ],
  "Chitwan": [
    {
      "city": "Bhandara",
      "post_code": "44202"
    },
    {
      "city": "Khairahani",
      "post_code": "44203"
    },
    {
      "city": "Jutpani",
      "post_code": "44205"
    },
    {
      "city": "Phulbari",
      "post_code": "44208"
    },
    {
      "city": "Meghauli",
      "post_code": "44210"
    },
    {
      "city": "Patihani",
      "post_code": "44211"
    }
  ],
  "Dadeldhura": [
    {
      "city": "Dadeldhura",
      "post_code": "10300"
    },
    {
      "city": "Ugratara",
      "post_code": "10302"
    },
    {
      "city": "Dandaban",
      "post_code": "10303"
    },
    {
      "city": "Ganeshpur",
      "post_code": "10304"
    },
    {
      "city": "Gaira Ganesh",
      "post_code": "10305"
    },
    {
      "city": "Jogbudha",
      "post_code": "10306"
    },
    {
      "city": "Lamikande",
      "post_code": "10307"
    },
    {
      "city": "Chipur",
      "post_code": "10308"
    },
    {
      "city": "Ajayameru",
      "post_code": "10309"
    }
  ],
  "Dailekh": [
    {
      "city": "Dailekh",
      "post_code": "21600"
    },
    {
      "city": "Gaidabaj",
      "post_code": "21602"
    },
    {
      "city": "Naumule",
      "post_code": "21603"
    },
    {
      "city": "Byastada",
      "post_code": "21604"
    },
    {
      "city": "Dhungeshwor",
      "post_code": "21605"
    },
    {
      "city": "Malika",
      "post_code": "21607"
    },
    {
      "city": "Dullu",
      "post_code": "21608"
    },
    {
      "city": "Jambu Kandha",
      "post_code": "21609"
    },
    {
      "city": "Rakam Karnali",
      "post_code": "21610"
    }
  ],
  "Dang": [
    {
      "city": "Dang",
      "post_code": "22400"
    },
    {
      "city": "Hapur",
      "post_code": "22402"
    },
    {
      "city": "Jumlepani",
      "post_code": "22403"
    },
    {
      "city": "Bhaluwang",
      "post_code": "22404"
    },
    {
      "city": "Koilabas",
      "post_code": "22405"
    },
    {
      "city": "Jangrahawa",
      "post_code": "22406"
    },
    {
      "city": "Rampur",
      "post_code": "22407"
    },
    {
      "city": "Urahari",
      "post_code": "22408"
    },
    {
      "city": "Hekuli",
      "post_code": "22409"
    },
    {
      "city": "Panchakule",
      "post_code": "22410"
    },
    {
      "city": "Shantinagar",
      "post_code": "22411"
    },
    {
      "city": "Tulsipur",
      "post_code": "22412"
    },
    {
      "city": "Manpur",
      "post_code": "22413"
    },
    {
      "city": "Lamahi",
      "post_code": "22414"
    },
    {
      "city": "Ghoraha",
      "post_code": "22415"
    }
  ],
  "Darchula": [
    {
      "city": "Darchula",
      "post_code": "10100"
    },
    {
      "city": "Rapla",
      "post_code": "10101"
    },
    {
      "city": "Duhuti",
      "post_code": "10102"
    },
    {
      "city": "Malikarjun",
      "post_code": "10104"
    },
    {
      "city": "Joljibi",
      "post_code": "10105"
    },
    {
      "city": "Dandakot",
      "post_code": "10106"
    },
    {
      "city": "Ritha Chaupata",
      "post_code": "10107"
    },
    {
      "city": "Gokule",
      "post_code": "10108"
    },
    {
      "city": "Sitola",
      "post_code": "10109"
    },
    {
      "city": "Marmalatinath",
      "post_code": "10110"
    },
    {
      "city": "Sipti",
      "post_code": "10111"
    }
  ],
  "Dhading": [
    {
      "city": "Dhading",
      "post_code": "45100"
    },
    {
      "city": "Lapa",
      "post_code": "45101"
    },
    {
      "city": "Sertung",
      "post_code": "45102"
    },
    {
      "city": "Phulkharka",
      "post_code": "45103"
    },
    {
      "city": "Tripureshwor",
      "post_code": "45104"
    },
    {
      "city": "Katunje",
      "post_code": "45105"
    },
    {
      "city": "Sunkhani",
      "post_code": "45106"
    },
    {
      "city": "Sunaulabazar",
      "post_code": "45108"
    },
    {
      "city": "Maidi",
      "post_code": "45109"
    },
    {
      "city": "Khanikhola",
      "post_code": "45110"
    },
    {
      "city": "Bhumisthan",
      "post_code": "45111"
    },
    {
      "city": "Gajuri",
      "post_code": "45112"
    },
    {
      "city": "Malekhu",
      "post_code": "45113"
    }
  ],
  "Dhankuta": [
    {
      "city": "Dhankuta",
      "post_code": "56800"
    },
    {
      "city": "Mudhebash",
      "post_code": "56801"
    },
    {
      "city": "Rajarani",
      "post_code": "56802"
    },
    {
      "city": "Dandabazar",
      "post_code": "56803"
    },
    {
      "city": "Bhedetar",
      "post_code": "56804"
    },
    {
      "city": "Ankhisalla",
      "post_code": "56805"
    },
    {
      "city": "Hile",
      "post_code": "56806"
    },
    {
      "city": "Muga",
      "post_code": "56807"
    },
    {
      "city": "Teliya",
      "post_code": "56808"
    },
    {
      "city": "Pakhribash",
      "post_code": "56809"
    },
    {
      "city": "Leguwa",
      "post_code": "56810"
    },
    {
      "city": "Mare Katahare",
      "post_code": "56811"
    },
    {
      "city": "Arknaule",
      "post_code": "56812"
    },
    {
      "city": "Chungmang",
      "post_code": "56813"
    }
  ],
  "Dhanusha": [
    {
      "city": "Dhanusha",
      "post_code": "45600"
    },
    {
      "city": "Khajuri",
      "post_code": "45601"
    },
    {
      "city": "Tinkoriya",
      "post_code": "45602"
    },
    {
      "city": "Yadukuha",
      "post_code": "45603"
    },
    {
      "city": "Duhabi",
      "post_code": "45604"
    },
    {
      "city": "Chakkar",
      "post_code": "45605"
    },
    {
      "city": "Raghunathpur",
      "post_code": "45606"
    },
    {
      "city": "Godar Chisapani",
      "post_code": "45607"
    },
    {
      "city": "Dhanushadham",
      "post_code": "45608"
    },
    {
      "city": "Bagachauda",
      "post_code": "45610"
    },
    {
      "city": "Jatahi",
      "post_code": "45611"
    },
    {
      "city": "Phulgama",
      "post_code": "45612"
    },
    {
      "city": "Sankhuwa Mahendranagar",
      "post_code": "45616"
    },
    {
      "city": "Dhalkebar",
      "post_code": "45617"
    }
  ],
  "Dolakha": [
    {
      "city": "Dolakha",
      "post_code": "45500"
    },
    {
      "city": "Khahare",
      "post_code": "45501"
    },
    {
      "city": "Namdu",
      "post_code": "45502"
    },
    {
      "city": "Jiri",
      "post_code": "45503"
    },
    {
      "city": "Japhekalapani",
      "post_code": "45505"
    },
    {
      "city": "Melung",
      "post_code": "45506"
    },
    {
      "city": "Bhusapheda",
      "post_code": "45507"
    },
    {
      "city": "Sunkhani",
      "post_code": "45509"
    },
    {
      "city": "Khopachangu",
      "post_code": "45510"
    },
    {
      "city": "Lamabagar",
      "post_code": "45511"
    },
    {
      "city": "Chitre",
      "post_code": "45512"
    }
  ],
  "Dolpa": [
    {
      "city": "Dolpa",
      "post_code": "21400"
    },
    {
      "city": "Juphal",
      "post_code": "21401"
    },
    {
      "city": "Tripurakot",
      "post_code": "21402"
    },
    {
      "city": "Liku",
      "post_code": "21403"
    },
    {
      "city": "Sarmi",
      "post_code": "21404"
    },
    {
      "city": "Kaigaun",
      "post_code": "21405"
    },
    {
      "city": "Foksundo",
      "post_code": "21406"
    },
    {
      "city": "Namdo",
      "post_code": "21407"
    }
  ],
  "Doti": [
    {
      "city": "Doti",
      "post_code": "10800"
    },
    {
      "city": "Silgadhi",
      "post_code": "10801"
    },
    {
      "city": "Sanagaun",
      "post_code": "10802"
    },
    {
      "city": "Daund",
      "post_code": "10803"
    },
    {
      "city": "Mauwa Nagardaha",
      "post_code": "10804"
    },
    {
      "city": "Banedungrasen",
      "post_code": "10805"
    },
    {
      "city": "Jorayal",
      "post_code": "10806"
    },
    {
      "city": "Gadhshera",
      "post_code": "10807"
    },
    {
      "city": "Lanakedareswor",
      "post_code": "10808"
    },
    {
      "city": "Boktan",
      "post_code": "10809"
    },
    {
      "city": "Byal",
      "post_code": "10810"
    },
    {
      "city": "Mudbhara",
      "post_code": "10811"
    }
  ],
  "Gorkha": [
    {
      "city": "Gorkha",
      "post_code": "34000"
    },
    {
      "city": "Bungkot",
      "post_code": "34002"
    },
    {
      "city": "Manakamana",
      "post_code": "34003"
    },
    {
      "city": "Batase",
      "post_code": "34004"
    },
    {
      "city": "Luintel",
      "post_code": "34005"
    },
    {
      "city": "Anapipal",
      "post_code": "34006"
    },
    {
      "city": "Jaubari",
      "post_code": "34007"
    },
    {
      "city": "Bhachchek",
      "post_code": "34008"
    },
    {
      "city": "Saurpani",
      "post_code": "34009"
    },
    {
      "city": "Ghyampesal",
      "post_code": "34010"
    },
    {
      "city": "Aarughat",
      "post_code": "34011"
    },
    {
      "city": "Gumda",
      "post_code": "34012"
    },
    {
      "city": "Sirdibash",
      "post_code": "34013"
    }
  ],
  "Gulmi": [
    {
      "city": "Gulmi",
      "post_code": "32600"
    },
    {
      "city": "Purtighat",
      "post_code": "32601"
    },
    {
      "city": "Bharse",
      "post_code": "32602"
    },
    {
      "city": "Chandrakot",
      "post_code": "32603"
    },
    {
      "city": "Majuwa",
      "post_code": "32604"
    },
    {
      "city": "Ridi",
      "post_code": "32605"
    },
    {
      "city": "Sringa",
      "post_code": "32606"
    },
    {
      "city": "Birabas",
      "post_code": "32607"
    },
    {
      "city": "Wami",
      "post_code": "32609"
    },
    {
      "city": "Ismadohali",
      "post_code": "32610"
    },
    {
      "city": "Dhurkot",
      "post_code": "32611"
    },
    {
      "city": "Purkotadha",
      "post_code": "32612"
    },
    {
      "city": "Arje",
      "post_code": "32613"
    },
    {
      "city": "Manabhak",
      "post_code": "32614"
    },
    {
      "city": "Pipaldanda",
      "post_code": "32615"
    }
  ],
  "Humla": [
    {
      "city": "Humla",
      "post_code": "21000"
    },
    {
      "city": "Muchu",
      "post_code": "21003"
    },
    {
      "city": "Lali",
      "post_code": "21004"
    },
    {
      "city": "Sarkegadh",
      "post_code": "21005"
    },
    {
      "city": "Darma",
      "post_code": "21007"
    },
    {
      "city": "Srinagar",
      "post_code": "21008"
    }
  ],
  "Ilam": [
    {
      "city": "Ilam",
      "post_code": "57300"
    },
    {
      "city": "Nayabazar",
      "post_code": "57302"
    },
    {
      "city": "Pashupatinagar",
      "post_code": "57303"
    },
    {
      "city": "Aaitabare",
      "post_code": "57304"
    },
    {
      "city": "Harkatebazar",
      "post_code": "57305"
    },
    {
      "city": "Gajurmukhi",
      "post_code": "57306"
    },
    {
      "city": "Mangal Bare",
      "post_code": "57307"
    },
    {
      "city": "Nepaltar",
      "post_code": "57308"
    },
    {
      "city": "Jamuna",
      "post_code": "57309"
    },
    {
      "city": "Gitpur",
      "post_code": "57310"
    },
    {
      "city": "Cheesa Pani Panchami",
      "post_code": "57311"
    },
    {
      "city": "Phikal",
      "post_code": "57312"
    }
  ],
  "Jajarkot": [
    {
      "city": "Jajarkot",
      "post_code": "21500"
    },
    {
      "city": "Dhime",
      "post_code": "21503"
    },
    {
      "city": "Dalli",
      "post_code": "21504"
    },
    {
      "city": "Ragda",
      "post_code": "21505"
    },
    {
      "city": "Rokaya gaun (Limsa)",
      "post_code": "21506"
    },
    {
      "city": "Dashera",
      "post_code": "21508"
    },
    {
      "city": "Thalaraikar",
      "post_code": "21509"
    },
    {
      "city": "Garkhakot",
      "post_code": "21510"
    },
    {
      "city": "Karkigaun",
      "post_code": "21511"
    }
  ],
  "Jhapa": [
    {
      "city": "Jhapa",
      "post_code": "57200"
    },
    {
      "city": "Baniyani",
      "post_code": "57201"
    },
    {
      "city": "Goldhap",
      "post_code": "57202"
    },
    {
      "city": "Chandragadhi",
      "post_code": "57203"
    },
    {
      "city": "Birtamod",
      "post_code": "57204"
    },
    {
      "city": "Sanishchare",
      "post_code": "57205"
    },
    {
      "city": "Budhabare",
      "post_code": "57206"
    },
    {
      "city": "Dhulabari",
      "post_code": "57207"
    },
    {
      "city": "Kankarbhitta",
      "post_code": "57208"
    },
    {
      "city": "Rajgadh",
      "post_code": "57209"
    },
    {
      "city": "Durgapur",
      "post_code": "57210"
    },
    {
      "city": "Jhapa",
      "post_code": "57211"
    },
    {
      "city": "Dudhe",
      "post_code": "57212"
    },
    {
      "city": "Shivagunj",
      "post_code": "57213"
    },
    {
      "city": "Topagachhi",
      "post_code": "57214"
    },
    {
      "city": "Gaurigunj",
      "post_code": "57215"
    },
    {
      "city": "Gauradaha",
      "post_code": "57216"
    },
    {
      "city": "Damak",
      "post_code": "57217"
    }
  ],
  "Jumla": [
    {
      "city": "Jumla",
      "post_code": "21200"
    },
    {
      "city": "Dillichaur",
      "post_code": "21202"
    },
    {
      "city": "Tatopani",
      "post_code": "21204"
    },
    {
      "city": "Malikathata",
      "post_code": "21205"
    },
    {
      "city": "Kalikakhetu",
      "post_code": "21206"
    },
    {
      "city": "Narakot",
      "post_code": "21207"
    },
    {
      "city": "Hatsinja",
      "post_code": "21208"
    },
    {
      "city": "Chautha",
      "post_code": "21209"
    }
  ],
  "Kailal": [
    {
      "city": "Munuwa",
      "post_code": "10902"
    }
  ],
  "Kailali": [
    {
      "city": "Kailali",
      "post_code": "10900"
    },
    {
      "city": "Tikapur",
      "post_code": "10901"
    },
    {
      "city": "Dododhara",
      "post_code": "10903"
    },
    {
      "city": "Lamki",
      "post_code": "10904"
    },
    {
      "city": "Masuriya",
      "post_code": "10905"
    },
    {
      "city": "Pahalmanpur",
      "post_code": "10906"
    },
    {
      "city": "Hasuliya",
      "post_code": "10907"
    },
    {
      "city": "Bhajani",
      "post_code": "10908"
    },
    {
      "city": "Joshipur",
      "post_code": "10909"
    },
    {
      "city": "Phulbari",
      "post_code": "10910"
    },
    {
      "city": "Atariya",
      "post_code": "10911"
    },
    {
      "city": "Chaumala",
      "post_code": "10912"
    },
    {
      "city": "Phaltude",
      "post_code": "10914"
    }
  ],
  "Kalikot": [
    {
      "city": "Kalikot",
      "post_code": "21300"
    },
    {
      "city": "Sanniraskot",
      "post_code": "21303"
    },
    {
      "city": "Mehalmudi",
      "post_code": "21304"
    },
    {
      "city": "Kotbada",
      "post_code": "21305"
    },
    {
      "city": "Kalikot",
      "post_code": "21306"
    },
    {
      "city": "Padamghat",
      "post_code": "21307"
    },
    {
      "city": "Jubitha",
      "post_code": "21308"
    },
    {
      "city": "Thirpu",
      "post_code": "21309"
    }
  ],
  "Kanchanpur": [
    {
      "city": "Kanchanpur",
      "post_code": "10400"
    },
    {
      "city": "Krishnapur",
      "post_code": "10401"
    },
    {
      "city": "Kalika",
      "post_code": "10402"
    },
    {
      "city": "Punarbas",
      "post_code": "10403"
    },
    {
      "city": "Beldadi",
      "post_code": "10404"
    },
    {
      "city": "Pipaladi",
      "post_code": "10405"
    },
    {
      "city": "Kanchanpur",
      "post_code": "10406"
    },
    {
      "city": "Chandani",
      "post_code": "10407"
    },
    {
      "city": "Airport",
      "post_code": "10409"
    },
    {
      "city": "Suda",
      "post_code": "10410"
    },
    {
      "city": "Jhalari",
      "post_code": "10411"
    }
  ],
  "Kapilbastu": [
    {
      "city": "Kapilbastu",
      "post_code": "32800"
    },
    {
      "city": "Pipara",
      "post_code": "32801"
    },
    {
      "city": "Patariya",
      "post_code": "32802"
    },
    {
      "city": "Pakadi",
      "post_code": "32804"
    },
    {
      "city": "Kopawa",
      "post_code": "32805"
    },
    {
      "city": "Gotihawa",
      "post_code": "32808"
    },
    {
      "city": "Gorusinge",
      "post_code": "32809"
    },
    {
      "city": "Pattharkot",
      "post_code": "32810"
    },
    {
      "city": "Thuniya",
      "post_code": "32811"
    },
    {
      "city": "Maharajgunj",
      "post_code": "32812"
    },
    {
      "city": "Ganeshpur",
      "post_code": "32813"
    },
    {
      "city": "Chanauta",
      "post_code": "32814"
    },
    {
      "city": "Krishnanagar",
      "post_code": "32815"
    },
    {
      "city": "Shiva Raj",
      "post_code": "32816"
    }
  ],
  "Kaski": [
    {
      "city": "Kaski",
      "post_code": "33700"
    },
    {
      "city": "Rupakot",
      "post_code": "33701"
    },
    {
      "city": "Gagan Gaunda",
      "post_code": "33702"
    },
    {
      "city": "Makaikhola",
      "post_code": "33703"
    },
    {
      "city": "Majhathana",
      "post_code": "33704"
    },
    {
      "city": "Sildujure",
      "post_code": "33705"
    },
    {
      "city": "Nirmalpokhari",
      "post_code": "33706"
    },
    {
      "city": "Pardibandh",
      "post_code": "33707"
    },
    {
      "city": "Bhalam",
      "post_code": "33708"
    },
    {
      "city": "Chapakot",
      "post_code": "33709"
    },
    {
      "city": "Birethanti",
      "post_code": "33710"
    },
    {
      "city": "Naudanda",
      "post_code": "33711"
    },
    {
      "city": "Ghachok",
      "post_code": "33712"
    },
    {
      "city": "Purunchaur",
      "post_code": "33713"
    }
  ],
  "Kathmandu": [
    {
      "city": "Kathmandu",
      "post_code": "44600"
    },
    {
      "city": "Sankhu",
      "post_code": "44601"
    },
    {
      "city": "Chabahil",
      "post_code": "44602"
    },
    {
      "city": "Sundarijal",
      "post_code": "44603"
    },
    {
      "city": "Gauchar",
      "post_code": "44604"
    },
    {
      "city": "Dillibazar",
      "post_code": "44605"
    },
    {
      "city": "Bansbari",
      "post_code": "44606"
    },
    {
      "city": "Tokha Saraswati",
      "post_code": "44608"
    },
    {
      "city": "Sachibalaya",
      "post_code": "44609"
    },
    {
      "city": "Manmaiju",
      "post_code": "44610"
    },
    {
      "city": "Balaju",
      "post_code": "44611"
    },
    {
      "city": "Tribhuvan University",
      "post_code": "44613"
    },
    {
      "city": "Kalimati",
      "post_code": "44614"
    },
    {
      "city": "Pharping",
      "post_code": "44615"
    },
    {
      "city": "Baluwatar",
      "post_code": "44616"
    },
    {
      "city": "Sarbochcha Adalat",
      "post_code": "44617"
    },
    {
      "city": "Kirtipur",
      "post_code": "44618"
    },
    {
      "city": "Thankot",
      "post_code": "44619"
    },
    {
      "city": "Swayambhu",
      "post_code": "44620"
    },
    {
      "city": "Pashupati",
      "post_code": "44621"
    },
    {
      "city": "Budhanilkantha",
      "post_code": "44622"
    }
  ],
  "Kaverpalanchok": [
    {
      "city": "Pokharinarayanshthan",
      "post_code": "45203"
    },
    {
      "city": "Gumati Bhanjyang",
      "post_code": "45204"
    },
    {
      "city": "Mahadevasthan",
      "post_code": "45213"
    },
    {
      "city": "Khopasi",
      "post_code": "45216"
    }
  ],
  "Kavrepalanchok": [
    {
      "city": "Kavrepalanchok",
      "post_code": "45200"
    },
    {
      "city": "Ghartichhap",
      "post_code": "45201"
    },
    {
      "city": "Mangaltar",
      "post_code": "45202"
    },
    {
      "city": "Dapcha",
      "post_code": "45205"
    },
    {
      "city": "Panauti",
      "post_code": "45209"
    },
    {
      "city": "Banepa",
      "post_code": "45210"
    },
    {
      "city": "Panchkhal",
      "post_code": "45212"
    },
    {
      "city": "Phalante",
      "post_code": "45214"
    },
    {
      "city": "Dolal Ghat",
      "post_code": "45215"
    }
  ],
  "Khotang": [
    {
      "city": "Khotang",
      "post_code": "56200"
    },
    {
      "city": "Wakshila",
      "post_code": "56201"
    },
    {
      "city": "Aiselukharka",
      "post_code": "56202"
    },
    {
      "city": "Jalpa",
      "post_code": "56204"
    },
    {
      "city": "Lamidanda",
      "post_code": "56205"
    },
    {
      "city": "Halesi mahadevasthan",
      "post_code": "56206"
    },
    {
      "city": "Buipa",
      "post_code": "56208"
    },
    {
      "city": "Manebhanjyang",
      "post_code": "56209"
    },
    {
      "city": "Sapteshworichhitapokhari",
      "post_code": "56210"
    },
    {
      "city": "Khotang",
      "post_code": "56211"
    },
    {
      "city": "Chisapani",
      "post_code": "56212"
    },
    {
      "city": "Simpani",
      "post_code": "56214"
    }
  ],
  "Lalitpur": [
    {
      "city": "Lalitpur",
      "post_code": "44700"
    },
    {
      "city": "Dhapakhel",
      "post_code": "44703"
    },
    {
      "city": "Imadol",
      "post_code": "44705"
    },
    {
      "city": "Darabartole",
      "post_code": "44707"
    },
    {
      "city": "Lubhu",
      "post_code": "44708"
    },
    {
      "city": "Godawari",
      "post_code": "44709"
    },
    {
      "city": "Chapagaun",
      "post_code": "44710"
    },
    {
      "city": "Gotikhel",
      "post_code": "44711"
    },
    {
      "city": "Bhattedanda",
      "post_code": "44712"
    },
    {
      "city": "Pyutar",
      "post_code": "44713"
    }
  ],
  "Lamjung": [
    {
      "city": "Lamjung",
      "post_code": "33600"
    },
    {
      "city": "Maling",
      "post_code": "33602"
    },
    {
      "city": "Sundar Bazar",
      "post_code": "33603"
    },
    {
      "city": "Sotipasal",
      "post_code": "33604"
    },
    {
      "city": "Kunchha",
      "post_code": "33605"
    },
    {
      "city": "Gilung",
      "post_code": "33606"
    },
    {
      "city": "Khudi",
      "post_code": "33607"
    },
    {
      "city": "Phaliyasanghu",
      "post_code": "33608"
    },
    {
      "city": "Bharate",
      "post_code": "33609"
    },
    {
      "city": "Gaunda",
      "post_code": "33610"
    },
    {
      "city": "Tarkughat",
      "post_code": "33611"
    }
  ],
  "Mahottari": [
    {
      "city": "Mahottari",
      "post_code": "45700"
    },
    {
      "city": "Bardibash",
      "post_code": "45701"
    },
    {
      "city": "Bhangaha",
      "post_code": "45702"
    },
    {
      "city": "Loharpatti",
      "post_code": "45703"
    },
    {
      "city": "Pipara",
      "post_code": "45704"
    },
    {
      "city": "Matihani",
      "post_code": "45705"
    },
    {
      "city": "Ramgopalpur",
      "post_code": "45707"
    },
    {
      "city": "Balawa",
      "post_code": "45708"
    },
    {
      "city": "Laxminiya",
      "post_code": "45710"
    },
    {
      "city": "Gaushala",
      "post_code": "45711"
    },
    {
      "city": "Shreepur",
      "post_code": "45712"
    },
    {
      "city": "Samsi",
      "post_code": "45713"
    },
    {
      "city": "Manara",
      "post_code": "45714"
    }
  ],
  "Makabanpur": [
    {
      "city": "Hatiya",
      "post_code": "44103"
    },
    {
      "city": "Aambhanjyang",
      "post_code": "44104"
    },
    {
      "city": "Manahari",
      "post_code": "44106"
    },
    {
      "city": "Basamadi",
      "post_code": "44108"
    },
    {
      "city": "Markhu",
      "post_code": "44113"
    }
  ],
  "Makawanpur": [
    {
      "city": "Makawanpur",
      "post_code": "44100"
    },
    {
      "city": "Phaparbari",
      "post_code": "44101"
    },
    {
      "city": "Ritha Chhatibwn",
      "post_code": "44102"
    },
    {
      "city": "Hetauda I.A.",
      "post_code": "44107"
    },
    {
      "city": "Palung",
      "post_code": "44110"
    },
    {
      "city": "Bhainse",
      "post_code": "44111"
    },
    {
      "city": "Bhimphedi",
      "post_code": "44112"
    }
  ],
  "Manang": [
    {
      "city": "Manang",
      "post_code": "33500"
    },
    {
      "city": "Pisang",
      "post_code": "33502"
    },
    {
      "city": "Bhakra",
      "post_code": "33503"
    },
    {
      "city": "Mathillo Manang",
      "post_code": "33504"
    },
    {
      "city": "Nar",
      "post_code": "33507"
    },
    {
      "city": "Dharapani",
      "post_code": "33509"
    }
  ],
  "Morang": [
    {
      "city": "Morang",
      "post_code": "56600"
    },
    {
      "city": "Chunimari",
      "post_code": "56601"
    },
    {
      "city": "Rangeli",
      "post_code": "56602"
    },
    {
      "city": "Sanischare",
      "post_code": "56603"
    },
    {
      "city": "Urlabari",
      "post_code": "56604"
    },
    {
      "city": "Madhumalla",
      "post_code": "56605"
    },
    {
      "city": "Bayarban",
      "post_code": "56606"
    },
    {
      "city": "Sorabhag",
      "post_code": "56607"
    },
    {
      "city": "Dadarberiya",
      "post_code": "56608"
    },
    {
      "city": "Letang",
      "post_code": "56609"
    },
    {
      "city": "Kerabari",
      "post_code": "56610"
    },
    {
      "city": "Haraincha",
      "post_code": "56611"
    },
    {
      "city": "Bhaudaha",
      "post_code": "56612"
    },
    {
      "city": "Biratnagar Bazar",
      "post_code": "56613"
    },
    {
      "city": "Rani Sikiyahi",
      "post_code": "56614"
    },
    {
      "city": "Jhorahat",
      "post_code": "56615"
    },
    {
      "city": "Banigama",
      "post_code": "56616"
    },
    {
      "city": "Bansbari",
      "post_code": "56617"
    }
  ],
  "Mugu": [
    {
      "city": "Mugu",
      "post_code": "21100"
    },
    {
      "city": "Rowa",
      "post_code": "21102"
    },
    {
      "city": "Pulu",
      "post_code": "21103"
    },
    {
      "city": "Sorubarma",
      "post_code": "21105"
    },
    {
      "city": "Rara",
      "post_code": "21106"
    },
    {
      "city": "Sukhadhik",
      "post_code": "21107"
    },
    {
      "city": "Gumtha",
      "post_code": "21109"
    },
    {
      "city": "Dhainkot",
      "post_code": "21110"
    }
  ],
  "Mustang": [
    {
      "city": "Mustang",
      "post_code": "33100"
    },
    {
      "city": "Marpha",
      "post_code": "33102"
    },
    {
      "city": "Kagbeni",
      "post_code": "33103"
    },
    {
      "city": "Charang",
      "post_code": "33104"
    },
    {
      "city": "Mustang",
      "post_code": "33105"
    },
    {
      "city": "Chhoser",
      "post_code": "33106"
    },
    {
      "city": "Muktinath",
      "post_code": "33107"
    },
    {
      "city": "Lete",
      "post_code": "33108"
    },
    {
      "city": "Thak Tukuche",
      "post_code": "33109"
    }
  ],
  "Myagdi": [
    {
      "city": "Myagdi",
      "post_code": "33200"
    },
    {
      "city": "Xyamarukot",
      "post_code": "33202"
    },
    {
      "city": "Galeswor",
      "post_code": "33203"
    },
    {
      "city": "Rakhu Bhagawati",
      "post_code": "33204"
    },
    {
      "city": "Sikha",
      "post_code": "33205"
    },
    {
      "city": "Dana",
      "post_code": "33206"
    },
    {
      "city": "Babiyachaur",
      "post_code": "33207"
    },
    {
      "city": "Darbang",
      "post_code": "33208"
    },
    {
      "city": "Pakhapani",
      "post_code": "33209"
    },
    {
      "city": "Takam",
      "post_code": "33210"
    },
    {
      "city": "Lulang",
      "post_code": "33211"
    }
  ],
  "Nawalparasi": [
    {
      "city": "Nawalparasi",
      "post_code": "33000"
    },
    {
      "city": "Rakuwa",
      "post_code": "33001"
    },
    {
      "city": "Bulingtar",
      "post_code": "33002"
    },
    {
      "city": "Gaindakot",
      "post_code": "33003"
    },
    {
      "city": "Dumkauli",
      "post_code": "33004"
    },
    {
      "city": "Shergunj",
      "post_code": "33005"
    },
    {
      "city": "Naya Belhani",
      "post_code": "33006"
    },
    {
      "city": "Tribeni",
      "post_code": "33007"
    },
    {
      "city": "Semari",
      "post_code": "33008"
    },
    {
      "city": "Guthi persauni",
      "post_code": "33009"
    },
    {
      "city": "Bhujahawa",
      "post_code": "33010"
    },
    {
      "city": "Makar",
      "post_code": "33011"
    },
    {
      "city": "Tilakpur",
      "post_code": "33012"
    },
    {
      "city": "Maheshpur",
      "post_code": "33013"
    },
    {
      "city": "Sunawal",
      "post_code": "33015"
    },
    {
      "city": "Pithauli",
      "post_code": "33016"
    }
  ],
  "Nuwakot": [
    {
      "city": "Nuwakot",
      "post_code": "44900"
    },
    {
      "city": "Thansingh",
      "post_code": "44902"
    },
    {
      "city": "Ranipauwa",
      "post_code": "44903"
    },
    {
      "city": "Taruka",
      "post_code": "44905"
    },
    {
      "city": "Deurali",
      "post_code": "44906"
    },
    {
      "city": "Kahule",
      "post_code": "44907"
    },
    {
      "city": "Nuwakot",
      "post_code": "44908"
    },
    {
      "city": "Chokade",
      "post_code": "44909"
    },
    {
      "city": "Kharanitar",
      "post_code": "44910"
    },
    {
      "city": "Bhadratar",
      "post_code": "44911"
    },
    {
      "city": "Ramabati",
      "post_code": "44912"
    },
    {
      "city": "Rautbesi",
      "post_code": "44913"
    },
    {
      "city": "Pokharichapadanda",
      "post_code": "44914"
    },
    {
      "city": "Devighat",
      "post_code": "44915"
    }
  ],
  "Okhaldhunga": [
    {
      "city": "Okhaldhunga",
      "post_code": "56100"
    },
    {
      "city": "Khani Bhanjyang",
      "post_code": "56101"
    },
    {
      "city": "Rumjatar",
      "post_code": "56102"
    },
    {
      "city": "Rampur",
      "post_code": "56104"
    },
    {
      "city": "Bigutar",
      "post_code": "56105"
    },
    {
      "city": "Khiji Phalate",
      "post_code": "56106"
    },
    {
      "city": "Gamanangtar",
      "post_code": "56107"
    },
    {
      "city": "Ghorakhori",
      "post_code": "56108"
    },
    {
      "city": "Chyanam",
      "post_code": "56109"
    },
    {
      "city": "Mane Bhanjyang",
      "post_code": "56110"
    },
    {
      "city": "Moli",
      "post_code": "56111"
    },
    {
      "city": "Ragani",
      "post_code": "56112"
    }
  ],
  "Palpa": [
    {
      "city": "Palpa",
      "post_code": "32500"
    },
    {
      "city": "Sahalkot",
      "post_code": "32501"
    },
    {
      "city": "Rampur",
      "post_code": "32502"
    },
    {
      "city": "Hungi",
      "post_code": "32503"
    },
    {
      "city": "Jalpa",
      "post_code": "32504"
    },
    {
      "city": "Tahu",
      "post_code": "32505"
    },
    {
      "city": "Jhadewa",
      "post_code": "32506"
    },
    {
      "city": "Aryabhanjyang",
      "post_code": "32507"
    },
    {
      "city": "Madanpokhara",
      "post_code": "32508"
    },
    {
      "city": "Khasyauli",
      "post_code": "32509"
    },
    {
      "city": "Argali",
      "post_code": "32510"
    },
    {
      "city": "Chhahara",
      "post_code": "32511"
    },
    {
      "city": "Palungmainadi",
      "post_code": "32512"
    },
    {
      "city": "Baldengadi",
      "post_code": "32513"
    }
  ],
  "Panchthar": [
    {
      "city": "Panchthar",
      "post_code": "57400"
    },
    {
      "city": "Chyangthapu",
      "post_code": "57401"
    },
    {
      "city": "Ambarpur",
      "post_code": "57402"
    },
    {
      "city": "Namluwa",
      "post_code": "57403"
    },
    {
      "city": "Yangnam",
      "post_code": "57404"
    },
    {
      "city": "Nawamidanda",
      "post_code": "57406"
    },
    {
      "city": "Mehelbote",
      "post_code": "57407"
    },
    {
      "city": "Yasok",
      "post_code": "57408"
    },
    {
      "city": "Mauwa",
      "post_code": "57409"
    },
    {
      "city": "Rabi",
      "post_code": "57410"
    },
    {
      "city": "Limba",
      "post_code": "57411"
    },
    {
      "city": "Medibung",
      "post_code": "57412"
    }
  ],
  "Parbat": [
    {
      "city": "Parbat",
      "post_code": "33400"
    },
    {
      "city": "Salija",
      "post_code": "33401"
    },
    {
      "city": "Khurkot",
      "post_code": "33402"
    },
    {
      "city": "Deurali",
      "post_code": "33403"
    },
    {
      "city": "Thulipokhari",
      "post_code": "33405"
    },
    {
      "city": "Karkineta",
      "post_code": "33406"
    },
    {
      "city": "Devisthan",
      "post_code": "33407"
    },
    {
      "city": "Bachchha",
      "post_code": "33408"
    },
    {
      "city": "Lankhudeurali",
      "post_code": "33409"
    },
    {
      "city": "Hubas",
      "post_code": "33410"
    },
    {
      "city": "Khor Pokhara",
      "post_code": "33411"
    },
    {
      "city": "Setibeni",
      "post_code": "33412"
    }
  ],
  "Parsa": [
    {
      "city": "Parsa",
      "post_code": "44300"
    },
    {
      "city": "Aadarshanagar",
      "post_code": "44301"
    },
    {
      "city": "Parbanipur",
      "post_code": "44303"
    },
    {
      "city": "Bindabasini",
      "post_code": "44304"
    },
    {
      "city": "Bahuari Pidari",
      "post_code": "44305"
    },
    {
      "city": "Shirsiya Khalwatola",
      "post_code": "44306"
    },
    {
      "city": "Biruwaguthi",
      "post_code": "44307"
    },
    {
      "city": "Pakahamainpur",
      "post_code": "44308"
    },
    {
      "city": "Phokhariya",
      "post_code": "44309"
    },
    {
      "city": "Ranigunj",
      "post_code": "44310"
    },
    {
      "city": "Paterwa Sugauli",
      "post_code": "44311"
    },
    {
      "city": "Viswa",
      "post_code": "44312"
    },
    {
      "city": "Janakitol",
      "post_code": "44313"
    },
    {
      "city": "Jeetpur",
      "post_code": "44314"
    },
    {
      "city": "Thori",
      "post_code": "44315"
    }
  ],
  "Pyuthan": [
    {
      "city": "Pyuthan",
      "post_code": "22300"
    },
    {
      "city": "Dakhaquadi",
      "post_code": "22301"
    },
    {
      "city": "Bhingri",
      "post_code": "22303"
    },
    {
      "city": "Wangesal",
      "post_code": "22304"
    },
    {
      "city": "Baraula",
      "post_code": "22305"
    },
    {
      "city": "Majuwa",
      "post_code": "22307"
    },
    {
      "city": "Machchhi",
      "post_code": "22308"
    },
    {
      "city": "Thulabesi",
      "post_code": "22309"
    },
    {
      "city": "Lungbahane",
      "post_code": "22310"
    },
    {
      "city": "Bijuwar",
      "post_code": "22311"
    },
    {
      "city": "Naya Gaun",
      "post_code": "22312"
    }
  ],
  "Ramechhap": [
    {
      "city": "Ramechhap",
      "post_code": "45400"
    },
    {
      "city": "Those",
      "post_code": "45401"
    },
    {
      "city": "Duragaun",
      "post_code": "45402"
    },
    {
      "city": "Betali",
      "post_code": "45403"
    },
    {
      "city": "Khimti",
      "post_code": "45404"
    },
    {
      "city": "Saghutar",
      "post_code": "45405"
    },
    {
      "city": "Kathjor",
      "post_code": "45406"
    },
    {
      "city": "Puranagaun",
      "post_code": "45408"
    },
    {
      "city": "Doramba",
      "post_code": "45409"
    },
    {
      "city": "Hiledevi",
      "post_code": "45410"
    },
    {
      "city": "Bhirpani",
      "post_code": "45411"
    }
  ],
  "Rasuwa": [
    {
      "city": "Rasuwa",
      "post_code": "45000"
    },
    {
      "city": "Dhaibung",
      "post_code": "45003"
    },
    {
      "city": "Ramkali",
      "post_code": "45004"
    },
    {
      "city": "Rasuwa",
      "post_code": "45007"
    },
    {
      "city": "Syaphru Besi",
      "post_code": "45009"
    }
  ],
  "Rautahat": [
    {
      "city": "Rautahat",
      "post_code": "44500"
    },
    {
      "city": "Saruatha",
      "post_code": "44502"
    },
    {
      "city": "Pipra bazar",
      "post_code": "44503"
    },
    {
      "city": "Madhopur",
      "post_code": "44504"
    },
    {
      "city": "Rajpurpharahadawa",
      "post_code": "44506"
    },
    {
      "city": "Patharabudhram",
      "post_code": "44508"
    },
    {
      "city": "Sitalpur",
      "post_code": "44509"
    },
    {
      "city": "Shivanagar",
      "post_code": "44510"
    },
    {
      "city": "Laxminiya",
      "post_code": "44511"
    },
    {
      "city": "Katahariya",
      "post_code": "44512"
    },
    {
      "city": "Samanpur",
      "post_code": "44513"
    },
    {
      "city": "Chandra Nigahapur",
      "post_code": "44515"
    }
  ],
  "Rolpa": [
    {
      "city": "Rolpa",
      "post_code": "22100"
    },
    {
      "city": "Khungri",
      "post_code": "22102"
    },
    {
      "city": "Sirpa",
      "post_code": "22103"
    },
    {
      "city": "Thawang",
      "post_code": "22106"
    },
    {
      "city": "Himtakura",
      "post_code": "22107"
    },
    {
      "city": "Ghartigaun",
      "post_code": "22108"
    },
    {
      "city": "Nerpa",
      "post_code": "22110"
    },
    {
      "city": "Dahaban",
      "post_code": "22111"
    },
    {
      "city": "Shulichaur",
      "post_code": "22112"
    },
    {
      "city": "Jhenam (Holeri)",
      "post_code": "22113"
    }
  ],
  "Rukum": [
    {
      "city": "Rukum",
      "post_code": "22000"
    },
    {
      "city": "Rukumkot",
      "post_code": "22002"
    },
    {
      "city": "Riwangchaur",
      "post_code": "22004"
    },
    {
      "city": "Kol",
      "post_code": "22005"
    },
    {
      "city": "Peugha",
      "post_code": "22007"
    },
    {
      "city": "Chaurjahari",
      "post_code": "22008"
    },
    {
      "city": "Simli",
      "post_code": "22009"
    },
    {
      "city": "Radijyula",
      "post_code": "22010"
    },
    {
      "city": "Baphikot",
      "post_code": "22011"
    }
  ],
  "Rupandehi": [
    {
      "city": "Rupandehi",
      "post_code": "32900"
    },
    {
      "city": "Siktahan",
      "post_code": "32901"
    },
    {
      "city": "Dhakadhai",
      "post_code": "32902"
    },
    {
      "city": "Manigram",
      "post_code": "32903"
    },
    {
      "city": "Kotihawa",
      "post_code": "32904"
    },
    {
      "city": "Thutipipal",
      "post_code": "32905"
    },
    {
      "city": "Butwal",
      "post_code": "32907"
    },
    {
      "city": "Parroha",
      "post_code": "32908"
    },
    {
      "city": "Sauraha Pharsa",
      "post_code": "32909"
    },
    {
      "city": "Amuwa",
      "post_code": "32910"
    },
    {
      "city": "Saljhandi",
      "post_code": "32911"
    },
    {
      "city": "Suryapura",
      "post_code": "32912"
    },
    {
      "city": "Tenuhawa",
      "post_code": "32913"
    },
    {
      "city": "Lumbini",
      "post_code": "32914"
    },
    {
      "city": "Betkuiya",
      "post_code": "32915"
    },
    {
      "city": "Mahadehiya",
      "post_code": "32916"
    }
  ],
  "Salyan": [
    {
      "city": "Salyan",
      "post_code": "22200"
    },
    {
      "city": "Kalimati Kalche",
      "post_code": "22201"
    },
    {
      "city": "Luham",
      "post_code": "22202"
    },
    {
      "city": "Dhanbang",
      "post_code": "22203"
    },
    {
      "city": "Mahaneta",
      "post_code": "22204"
    },
    {
      "city": "Malneta",
      "post_code": "22207"
    },
    {
      "city": "Maidu",
      "post_code": "22208"
    },
    {
      "city": "Ragechour",
      "post_code": "22209"
    },
    {
      "city": "Bhalchaur",
      "post_code": "22210"
    },
    {
      "city": "Tharmare",
      "post_code": "22211"
    }
  ],
  "Sankhuwasabha": [
    {
      "city": "Sankhuwasabha",
      "post_code": "56900"
    },
    {
      "city": "Hatiya",
      "post_code": "56901"
    },
    {
      "city": "Hedangana",
      "post_code": "56902"
    },
    {
      "city": "Tamku",
      "post_code": "56903"
    },
    {
      "city": "Chandanpur",
      "post_code": "56904"
    },
    {
      "city": "Bahrabishe",
      "post_code": "56905"
    },
    {
      "city": "Tumlingtar",
      "post_code": "56906"
    },
    {
      "city": "Wana",
      "post_code": "56907"
    },
    {
      "city": "Shidhakali",
      "post_code": "56908"
    },
    {
      "city": "Madi",
      "post_code": "56909"
    },
    {
      "city": "Ankhibhui",
      "post_code": "56910"
    },
    {
      "city": "Mamling",
      "post_code": "56911"
    },
    {
      "city": "Manebhanjyang",
      "post_code": "56912"
    },
    {
      "city": "Chainpur",
      "post_code": "56913"
    }
  ],
  "Saptari": [
    {
      "city": "Saptari",
      "post_code": "56400"
    },
    {
      "city": "Hanuman Nagar",
      "post_code": "56401"
    },
    {
      "city": "Bairaba",
      "post_code": "56402"
    },
    {
      "city": "Phattepur",
      "post_code": "56403"
    },
    {
      "city": "Kanchanpur",
      "post_code": "56404"
    },
    {
      "city": "Praswani",
      "post_code": "56405"
    },
    {
      "city": "Bhagawatpur",
      "post_code": "56406"
    },
    {
      "city": "Koiladi",
      "post_code": "56407"
    },
    {
      "city": "Chhinnamasta",
      "post_code": "56408"
    },
    {
      "city": "Bishnupur",
      "post_code": "56409"
    },
    {
      "city": "Rupani",
      "post_code": "56411"
    },
    {
      "city": "Pato",
      "post_code": "56412"
    },
    {
      "city": "Arnaha",
      "post_code": "56413"
    },
    {
      "city": "Kalyanpur",
      "post_code": "56414"
    },
    {
      "city": "Bodebarsain",
      "post_code": "56415"
    },
    {
      "city": "Sisawa",
      "post_code": "56416"
    },
    {
      "city": "Kadarwona",
      "post_code": "56417"
    },
    {
      "city": "Bhardaha",
      "post_code": "56418"
    }
  ],
  "Sarlahi": [
    {
      "city": "Sarlahi",
      "post_code": "45800"
    },
    {
      "city": "Lalbandi",
      "post_code": "45801"
    },
    {
      "city": "Bayalbas",
      "post_code": "45802"
    },
    {
      "city": "Haripurwa",
      "post_code": "45803"
    },
    {
      "city": "Hariaun",
      "post_code": "45804"
    },
    {
      "city": "Haripur",
      "post_code": "45805"
    },
    {
      "city": "Brahmapuri",
      "post_code": "45806"
    },
    {
      "city": "Kaudena",
      "post_code": "45809"
    },
    {
      "city": "Barahathawa",
      "post_code": "45810"
    },
    {
      "city": "Sundarpur",
      "post_code": "45811"
    },
    {
      "city": "Dumariya",
      "post_code": "45813"
    },
    {
      "city": "Karmaiya",
      "post_code": "45814"
    },
    {
      "city": "Harkathawa",
      "post_code": "45815"
    },
    {
      "city": "Ramnagar(Bahuarwa)",
      "post_code": "45816"
    },
    {
      "city": "Chhatauna",
      "post_code": "45817"
    }
  ],
  "Sindhuli": [
    {
      "city": "Sindhuli",
      "post_code": "45900"
    },
    {
      "city": "Solpa",
      "post_code": "45901"
    },
    {
      "city": "Bahun Tilpung",
      "post_code": "45902"
    },
    {
      "city": "Dudhauli",
      "post_code": "45903"
    },
    {
      "city": "Dakaha",
      "post_code": "45904"
    },
    {
      "city": "Gwaltar",
      "post_code": "45905"
    },
    {
      "city": "Khurkot",
      "post_code": "45906"
    },
    {
      "city": "Belghari",
      "post_code": "45907"
    },
    {
      "city": "Bhiman",
      "post_code": "45909"
    },
    {
      "city": "Jhanga Jholi",
      "post_code": "45910"
    },
    {
      "city": "Netrakali",
      "post_code": "45911"
    },
    {
      "city": "Kapilakot",
      "post_code": "45912"
    },
    {
      "city": "Pipalmadhiratanpur",
      "post_code": "45913"
    }
  ],
  "Sindhupalchok": [
    {
      "city": "Sindhupalchok",
      "post_code": "45300"
    },
    {
      "city": "Kodari",
      "post_code": "45301"
    },
    {
      "city": "Barabise",
      "post_code": "45302"
    },
    {
      "city": "Atarpur",
      "post_code": "45304"
    },
    {
      "city": "Lamosanghu",
      "post_code": "45305"
    },
    {
      "city": "Nawalpur",
      "post_code": "45306"
    },
    {
      "city": "Pangtang",
      "post_code": "45307"
    },
    {
      "city": "Jalbire",
      "post_code": "45308"
    },
    {
      "city": "Bhotsipa",
      "post_code": "45309"
    },
    {
      "city": "Melamchi Bahunepati",
      "post_code": "45310"
    },
    {
      "city": "Gyalthum",
      "post_code": "45311"
    },
    {
      "city": "Thangapaldhap",
      "post_code": "45312"
    },
    {
      "city": "Dubachaur",
      "post_code": "45313"
    },
    {
      "city": "Balephi",
      "post_code": "45314"
    }
  ],
  "Siraha": [
    {
      "city": "Siraha",
      "post_code": "56500"
    },
    {
      "city": "Bastipur",
      "post_code": "56501"
    },
    {
      "city": "Lahan",
      "post_code": "56502"
    },
    {
      "city": "Bhagawanpur",
      "post_code": "56503"
    },
    {
      "city": "Dhanagadhi",
      "post_code": "56504"
    },
    {
      "city": "Maheshpur patari",
      "post_code": "56505"
    },
    {
      "city": "Bariyarpatti",
      "post_code": "56506"
    },
    {
      "city": "Golbazar (Asanpur)",
      "post_code": "56508"
    },
    {
      "city": "Sukhipur",
      "post_code": "56509"
    },
    {
      "city": "Bishnupur",
      "post_code": "56511"
    },
    {
      "city": "Belha",
      "post_code": "56512"
    },
    {
      "city": "Madar",
      "post_code": "56513"
    },
    {
      "city": "Mirchaiya",
      "post_code": "56515"
    },
    {
      "city": "Bandipur",
      "post_code": "56516"
    },
    {
      "city": "Kalyanpur",
      "post_code": "56517"
    }
  ],
  "Solukhumbu": [
    {
      "city": "Solukhumbu",
      "post_code": "56000"
    },
    {
      "city": "Namche Bazar",
      "post_code": "56002"
    },
    {
      "city": "Sotang",
      "post_code": "56004"
    },
    {
      "city": "Jubu",
      "post_code": "56005"
    },
    {
      "city": "Nele",
      "post_code": "56006"
    },
    {
      "city": "Necha",
      "post_code": "56007"
    },
    {
      "city": "Shishakhola",
      "post_code": "56008"
    },
    {
      "city": "Himaganga",
      "post_code": "56009"
    },
    {
      "city": "Lukla",
      "post_code": "56010"
    }
  ],
  "Sunsari": [
    {
      "city": "Sunsari",
      "post_code": "56700"
    },
    {
      "city": "Mangalbare",
      "post_code": "56702"
    },
    {
      "city": "Chatara",
      "post_code": "56703"
    },
    {
      "city": "Bakalauri",
      "post_code": "56704"
    },
    {
      "city": "Itahari",
      "post_code": "56705"
    },
    {
      "city": "Simariya",
      "post_code": "56706"
    },
    {
      "city": "Duhabi",
      "post_code": "56707"
    },
    {
      "city": "Chimadi",
      "post_code": "56708"
    },
    {
      "city": "Jhumka",
      "post_code": "56709"
    },
    {
      "city": "Inarauwa",
      "post_code": "56710"
    },
    {
      "city": "Aurabari",
      "post_code": "56711"
    },
    {
      "city": "Dewangunj",
      "post_code": "56712"
    },
    {
      "city": "Madhuvan",
      "post_code": "56713"
    },
    {
      "city": "Laukahee",
      "post_code": "56714"
    },
    {
      "city": "Bhutaha",
      "post_code": "56715"
    },
    {
      "city": "Mahendra Nagar",
      "post_code": "56716"
    },
    {
      "city": "Chhitaha",
      "post_code": "56717"
    }
  ],
  "Surkhet": [
    {
      "city": "Surkhet",
      "post_code": "21700"
    },
    {
      "city": "Chhinchu",
      "post_code": "21701"
    },
    {
      "city": "Ramghat",
      "post_code": "21702"
    },
    {
      "city": "Sahare",
      "post_code": "21703"
    },
    {
      "city": "Gumi",
      "post_code": "21704"
    },
    {
      "city": "Bheriganga",
      "post_code": "21705"
    },
    {
      "city": "Matela",
      "post_code": "21706"
    },
    {
      "city": "Garpan",
      "post_code": "21707"
    },
    {
      "city": "Kunathari",
      "post_code": "21709"
    },
    {
      "city": "Babiyachaur",
      "post_code": "21710"
    },
    {
      "city": "Gutu",
      "post_code": "21711"
    }
  ],
  "Syanja": [
    {
      "city": "Syangja",
      "post_code": "33800"
    },
    {
      "city": "Kolma",
      "post_code": "33802"
    },
    {
      "city": "Kichnas",
      "post_code": "33803"
    },
    {
      "city": "Jharkham",
      "post_code": "33804"
    },
    {
      "city": "Arjunchaupari",
      "post_code": "33805"
    },
    {
      "city": "Panchamul",
      "post_code": "33806"
    },
    {
      "city": "Rangethanti",
      "post_code": "33807"
    },
    {
      "city": "Fedikhola",
      "post_code": "33808"
    },
    {
      "city": "Bhumare",
      "post_code": "33811"
    },
    {
      "city": "Kyakmi",
      "post_code": "33812"
    },
    {
      "city": "Waidha Bhanjhyang",
      "post_code": "33813"
    },
    {
      "city": "Chapakot",
      "post_code": "33814"
    },
    {
      "city": "Galyang",
      "post_code": "33815"
    }
  ],
  "Tanahun": [
    {
      "city": "Tanahun",
      "post_code": "33900"
    },
    {
      "city": "Tuhure Pasal",
      "post_code": "33902"
    },
    {
      "city": "Manechauka",
      "post_code": "33903"
    },
    {
      "city": "Bandipur",
      "post_code": "33904"
    },
    {
      "city": "Aanbu Khaireni",
      "post_code": "33905"
    },
    {
      "city": "Baidi",
      "post_code": "33906"
    },
    {
      "city": "Kahunshivapur",
      "post_code": "33907"
    },
    {
      "city": "Rising Ranipokhari",
      "post_code": "33908"
    },
    {
      "city": "Ghiring Sundhara",
      "post_code": "33909"
    },
    {
      "city": "Bhimad",
      "post_code": "33910"
    },
    {
      "city": "Lamagaun",
      "post_code": "33911"
    },
    {
      "city": "Khairenitar",
      "post_code": "33912"
    },
    {
      "city": "Shisha Ghat",
      "post_code": "33913"
    },
    {
      "city": "Dumre",
      "post_code": "33914"
    },
    {
      "city": "Devaghat",
      "post_code": "33915"
    }
  ],
  "Taplajung": [
    {
      "city": "Khewang",
      "post_code": "57501"
    },
    {
      "city": "Sadeba",
      "post_code": "57502"
    },
    {
      "city": "Thokimba",
      "post_code": "57509"
    },
    {
      "city": "Dobhan",
      "post_code": "57510"
    }
  ],
  "Taplejung": [
    {
      "city": "Taplejung",
      "post_code": "57500"
    },
    {
      "city": "Sinam",
      "post_code": "57503"
    },
    {
      "city": "Pedang",
      "post_code": "57504"
    },
    {
      "city": "Thechambu",
      "post_code": "57505"
    },
    {
      "city": "Siwang",
      "post_code": "57506"
    },
    {
      "city": "Khokling",
      "post_code": "57507"
    },
    {
      "city": "Olangchunggola",
      "post_code": "57508"
    },
    {
      "city": "Change",
      "post_code": "57511"
    },
    {
      "city": "Hangpang",
      "post_code": "57512"
    }
  ],
  "Terhathum": [
    {
      "city": "Terhathum",
      "post_code": "57100"
    },
    {
      "city": "Jirikhimti",
      "post_code": "57102"
    },
    {
      "city": "Tinjure",
      "post_code": "57103"
    },
    {
      "city": "Basantapur",
      "post_code": "57104"
    },
    {
      "city": "Sudap",
      "post_code": "57105"
    },
    {
      "city": "Hamarjung",
      "post_code": "57106"
    },
    {
      "city": "Morahang",
      "post_code": "57107"
    },
    {
      "city": "Pokalawang",
      "post_code": "57108"
    },
    {
      "city": "Mulpani",
      "post_code": "57110"
    },
    {
      "city": "Iwa",
      "post_code": "57111"
    }
  ],
  "Udayapur": [
    {
      "city": "Udayapur",
      "post_code": "56300"
    },
    {
      "city": "Ratapani (Thoksila)",
      "post_code": "56301"
    },
    {
      "city": "Beltar",
      "post_code": "56302"
    },
    {
      "city": "Hadiya",
      "post_code": "56303"
    },
    {
      "city": "Pokhari",
      "post_code": "56305"
    },
    {
      "city": "Baraha",
      "post_code": "56306"
    },
    {
      "city": "Bhutar",
      "post_code": "56307"
    },
    {
      "city": "Rampur Jhilke",
      "post_code": "56308"
    },
    {
      "city": "Udayapur Gadhi",
      "post_code": "56309"
    },
    {
      "city": "Katari",
      "post_code": "56310"
    },
    {
      "city": "Sorung Chhabise",
      "post_code": "56311"
    },
    {
      "city": "Rauta Murkuchi",
      "post_code": "56312"
    }
  ]
}
